도시,경도,위도,UTM_X,UTM_Y
서울,127.0,37.5,323210.46918764035,4152220.145833038
부산,129.0,35.1,500000.0000000023,3884132.7759198532
제주,126.5,33.5,267757.5419875572,3709516.815504832
강릉,128.9,37.8,491196.4754801484,4183629.6910989797
