Year,Mean_NDVI,Std_NDVI,Min_NDVI,Max_NDVI,Valid_Pixels
2023,0.22928530517716084,0.21665138512477694,-0.22398345968297725,0.7130672498633133,582552
2024,0.18147592126051115,0.1448905435757873,-0.22340425531914893,0.5569480280132695,492052
Change,-0.039747398028594436,0.07640822774298128,-0.583717212385809,0.31799564467923663,492052
