Category,Pixel_Count,Percentage,Area_ha
Increase,4832,0.9820100314600896,48.32
No_Change,365217,74.22325282693699,3652.17
Decrease,122003,24.794737141602923,1220.03
