feature,importance
NDVI,0.3594179339084732
NDWI,0.35052237572336675
NIR,0.270021516351721
Blue,0.012053634880447533
Green,0.004228420582100886
Red,0.0037561185538907698
