feature,mean_abs_shap
NDVI,0.06918709917990654
NDWI,0.06737820489624088
NIR,0.051438451808078406
Blue,0.004854429487388668
Red,0.0021953157438597817
Green,0.0008020826209474193
